{"validation cost":0.45000045529207106,"epoch":6,"_step":4,"training_acc":0.10096296296296296,"_timestamp":1.742219767559716e+09,"validation_accuracy":0.09166666666666666,"_runtime":262.4097137,"training_loss":0.4499997581064657,"_wandb":{"runtime":265}}