{"_runtime":37.6221169,"validation_accuracy":0.09166666666666666,"_wandb":{"runtime":37},"_timestamp":1.7422103368517022e+09,"validation cost":2.302594076947315,"training_loss":2.302581707904575,"training_acc":0.10092592592592593,"epoch":11,"_step":9}