{"validation cost":0.4458955230499392,"training_acc":0.8501296296296297,"_timestamp":1.7422184033628526e+09,"validation_accuracy":0.8416666666666667,"epoch":11,"_runtime":202.6635881,"_step":9,"_wandb":{"runtime":203},"training_loss":0.43186455578226596}