{"validation_accuracy":0.12816666666666668,"epoch":21,"validation cost":2.3027075818156733,"_wandb":{"runtime":103},"_timestamp":1.742223048161783e+09,"_runtime":102.5990734,"training_acc":0.12140740740740741,"_step":19,"training_loss":2.3025987031538038}