{"epoch":41,"_wandb":{"runtime":606},"validation cost":0.4323466500234322,"_runtime":605.8486765,"training_loss":0.42677681322019895,"_step":39,"_timestamp":1.7422229385776212e+09,"training_acc":0.8486666666666667,"validation_accuracy":0.8413333333333334}