{"validation cost":0.44999971424112095,"_timestamp":1.742221400459555e+09,"training_acc":0.09375925925925926,"_step":9,"validation_accuracy":0.09466666666666666,"_wandb":{"runtime":102},"training_loss":0.44999975593616587,"_runtime":101.7040366,"epoch":11}