{"training_loss":NaN,"epoch":11,"validation cost":NaN,"_runtime":185.7407217,"_step":9,"_wandb":{"runtime":186},"training_acc":0.10005555555555555,"validation_accuracy":0.0995,"_timestamp":1.742220089808448e+09}