{"_wandb":{"runtime":15},"training_loss":2.1331869545769675,"validation_accuracy":0.18783333333333332,"training_acc":0.17722222222222223,"validation cost":2.1346889312852726,"_step":4,"_timestamp":1.742217670560521e+09,"_runtime":14.4618767,"epoch":6}