{"training_acc":0.6544444444444445,"validation cost":1.2733947860303483,"validation_accuracy":0.6505,"_runtime":84.0892358,"epoch":11,"_timestamp":1.7422094367458174e+09,"training_loss":1.2606316993480893,"_wandb":{"runtime":84},"_step":9}