{"_wandb":{"runtime":303},"epoch":41,"_timestamp":1.7422153349104462e+09,"validation_accuracy":0.09166666666666666,"_runtime":303.2950652,"training_loss":2.302578143800825,"validation cost":2.302747285738349,"_step":39,"training_acc":0.10092592592592593}