{"epoch":21,"_wandb":{"runtime":61},"validation cost":1.5248959421722352,"_timestamp":1.7422218604772518e+09,"_runtime":60.9040483,"training_loss":1.5150671236878492,"validation_accuracy":0.294,"_step":19,"training_acc":0.302462962962963}