{"_wandb":{"runtime":723},"training_acc":0.9217037037037037,"_step":39,"_timestamp":1.7422124676065466e+09,"validation_accuracy":0.8818333333333334,"epoch":41,"training_loss":0.2247841637030565,"validation cost":0.4292309554176159,"_runtime":722.7863417}