{"_wandb":{"runtime":29},"_timestamp":1.7422177051309035e+09,"training_loss":2.3825358983311857,"_runtime":28.8314335,"validation cost":2.385660494852729,"training_acc":0.14746296296296296,"validation_accuracy":0.147,"epoch":6,"_step":4}