{"_runtime":191.1719854,"training_acc":0.09985185185185186,"validation_accuracy":0.10133333333333333,"training_loss":2.3026802002275075,"_step":39,"_wandb":{"runtime":191},"epoch":41,"validation cost":2.302685232602637,"_timestamp":1.742211650719127e+09}