{"_runtime":122.276558,"_step":9,"validation_accuracy":0.09166666666666666,"training_acc":0.10092592592592593,"epoch":11,"_timestamp":1.7422146461821685e+09,"_wandb":{"runtime":122},"validation cost":2.3027025876471976,"training_loss":2.3025777324448744}