{"_timestamp":1.7422167512291293e+09,"validation cost":2.302659402160364,"_runtime":67.4666125,"validation_accuracy":0.09166666666666666,"training_loss":2.3025704015486057,"_step":19,"training_acc":0.10092592592592593,"_wandb":{"runtime":68},"epoch":21}