{"training_loss":NaN,"_step":9,"epoch":11,"_runtime":437.4070423,"training_acc":0.10005555555555555,"validation cost":NaN,"_timestamp":1.7422237238606079e+09,"_wandb":{"runtime":438},"validation_accuracy":0.0995}