{"_runtime":40.3130124,"validation cost":1.1146691503902746,"training_acc":0.5535925925925926,"_wandb":{"runtime":40},"_step":9,"epoch":11,"validation_accuracy":0.5638333333333333,"training_loss":1.108315823827169,"_timestamp":1.7422127023093417e+09}