{"_wandb":{"runtime":701},"validation_accuracy":0.7808333333333334,"training_acc":0.7880370370370371,"training_loss":0.6268257959145878,"_runtime":700.1404567,"_step":39,"validation cost":0.6342483599809394,"epoch":41,"_timestamp":1.7422198533113518e+09}