{"validation cost":2.2978214151898726,"_wandb":{"runtime":41},"training_acc":0.0997962962962963,"validation_accuracy":0.10183333333333333,"epoch":6,"_step":4,"training_loss":2.2981789584337755,"_runtime":40.2520121,"_timestamp":1.7422163652039187e+09}