{"validation_accuracy":0.10133333333333333,"epoch":21,"training_acc":0.09985185185185186,"_wandb":{"runtime":249},"_timestamp":1.7422181946545706e+09,"_step":19,"training_loss":2.3060811094471467,"validation cost":2.3066418873396257,"_runtime":248.1782964}