{"_step":39,"validation_accuracy":0.8608333333333333,"training_loss":0.35374173011225696,"_runtime":1410.8811907,"validation cost":0.451090650877089,"_timestamp":1.742224609297383e+09,"training_acc":0.882425925925926,"epoch":41,"_wandb":{"runtime":1412}}