{"validation cost":0.45000346877041547,"_step":9,"training_acc":0.10092592592592593,"validation_accuracy":0.09166666666666666,"epoch":11,"_timestamp":1.7422206817752042e+09,"_runtime":584.0362205,"training_loss":0.44999935677665154,"_wandb":{"runtime":585}}