{"_timestamp":1.7422107337571812e+09,"validation cost":2.302623612038422,"validation_accuracy":0.09166666666666666,"epoch":21,"training_acc":0.10092592592592593,"_runtime":228.0342276,"_wandb":{"runtime":228},"training_loss":2.302578291172217,"_step":19}