{"_wandb":{"runtime":229},"epoch":21,"training_acc":0.7413888888888889,"validation cost":0.7964307261778497,"_runtime":228.6903152,"validation_accuracy":0.7363333333333333,"training_loss":0.7855905141304789,"_timestamp":1.7422160152447076e+09,"_step":19}