{"validation cost":0.3648922636164221,"_wandb":{"runtime":89},"validation_accuracy":0.8678333333333333,"_runtime":88.763826,"training_acc":0.8767407407407407,"epoch":6,"_step":4,"training_loss":0.3437648415916439,"_timestamp":1.74221347831081e+09}