{"_step":19,"validation cost":2.305250239542373,"training_loss":2.305877531386158,"_timestamp":1.742215778690065e+09,"training_acc":0.09985185185185186,"_runtime":435.9772972,"epoch":21,"validation_accuracy":0.10133333333333333,"_wandb":{"runtime":436}}