{"_wandb":{"runtime":62},"epoch":11,"_timestamp":1.7422219985557003e+09,"training_loss":0.08871565355397408,"_step":9,"training_acc":0.8776666666666667,"validation cost":0.09680421009515351,"_runtime":62.2138589,"validation_accuracy":0.8673333333333333}