{"validation_accuracy":0.0965,"training_acc":0.1062037037037037,"_wandb":{"runtime":22},"validation cost":2.3025812352042143,"_timestamp":1.7422147997575164e+09,"_step":4,"training_loss":2.3025746530316167,"epoch":6,"_runtime":21.8002675}