{"validation_accuracy":0.8708333333333333,"validation cost":0.37684372174942443,"training_acc":0.9092962962962963,"_runtime":135.5067707,"epoch":41,"_timestamp":1.7422097009724355e+09,"_wandb":{"runtime":135},"_step":39,"training_loss":0.23770210935970196}