{"training_loss":0.8381108956856882,"_runtime":82.0710048,"validation cost":0.8397130691656884,"epoch":21,"training_acc":0.727037037037037,"_timestamp":1.7422095577093763e+09,"_step":19,"validation_accuracy":0.7236666666666667,"_wandb":{"runtime":82}}