{"validation_accuracy":0.09166666666666666,"_step":39,"validation cost":2.302757969243779,"_wandb":{"runtime":430},"training_acc":0.10092592592592593,"training_loss":2.302578573329266,"_timestamp":1.7422250486268206e+09,"_runtime":429.1968965,"epoch":41}