{"_timestamp":1.742223272456725e+09,"training_loss":0.45000003685640283,"validation_accuracy":0.107,"_step":4,"training_acc":0.10775925925925926,"_runtime":143.0079835,"_wandb":{"runtime":143},"validation cost":0.45000061166759925,"epoch":6}