{"validation cost":2.302772657127864,"_step":39,"validation_accuracy":0.10133333333333333,"epoch":41,"_wandb":{"runtime":208},"training_loss":2.302689914063644,"_runtime":205.2682729,"_timestamp":1.7422099140058043e+09,"training_acc":0.09985185185185186}