{"_runtime":22.3097625,"_step":9,"epoch":11,"training_loss":2.33540348326888,"validation cost":2.3395128474231357,"_timestamp":1.7422093393007836e+09,"training_acc":0.10055555555555555,"_wandb":{"runtime":22},"validation_accuracy":0.098}