{"training_acc":0.8379629629629629,"epoch":11,"_wandb":{"runtime":26},"validation cost":0.4620446683492304,"_timestamp":1.7422094693742144e+09,"training_loss":0.4393297403601509,"_step":9,"validation_accuracy":0.831,"_runtime":26.2577098}