{"epoch":6,"_wandb":{"runtime":36},"_timestamp":1.7422173852312024e+09,"validation cost":1.5417493219028473,"training_acc":0.34855555555555556,"training_loss":1.5536866474056452,"validation_accuracy":0.3388333333333333,"_runtime":35.4427396,"_step":4}