{"_runtime":120.4985399,"_step":9,"validation_accuracy":0.7815,"_wandb":{"runtime":121},"epoch":11,"training_loss":0.5667341665950186,"training_acc":0.7874629629629629,"_timestamp":1.7422136071637108e+09,"validation cost":0.576324609165318}