{"validation cost":0.39243899486050665,"epoch":21,"training_acc":0.8940555555555556,"_step":19,"training_loss":0.30468698415305295,"_wandb":{"runtime":77},"_runtime":77.5224166,"validation_accuracy":0.8653333333333333,"_timestamp":1.7422126555909135e+09}