{"validation cost":0.7331849458480272,"validation_accuracy":0.7475,"_wandb":{"runtime":61},"training_acc":0.7604814814814815,"_timestamp":1.7422082259999962e+09,"_runtime":60.5647525,"training_loss":0.7184177000036102,"_step":19,"epoch":21}