{"epoch":6,"_wandb":{"runtime":14},"_timestamp":1.742210497549451e+09,"_runtime":13.7785547,"training_acc":0.10092592592592593,"validation_accuracy":0.09166666666666666,"_step":4,"training_loss":2.302579223589278,"validation cost":2.3026596540565434}