{"validation cost":2.302918783147156,"_step":39,"validation_accuracy":0.10133333333333333,"_timestamp":1.742217138674023e+09,"_runtime":279.9936867,"training_acc":0.09985185185185186,"training_loss":2.302828004628407,"epoch":41,"_wandb":{"runtime":280}}