{"_wandb":{"runtime":13},"training_loss":2.302601245028734,"epoch":6,"_step":4,"_runtime":13.4073822,"validation_accuracy":0.1035,"_timestamp":1.7422149903752313e+09,"training_acc":0.09961111111111111,"validation cost":2.302600106698679}