{"validation_accuracy":0.09166666666666666,"_step":4,"epoch":6,"training_acc":0.10092592592592593,"training_loss":0.44999941394345894,"_wandb":{"runtime":35},"validation cost":0.4500074737164941,"_runtime":34.5897983,"_timestamp":1.7422241857858672e+09}