{"validation_accuracy":0.12266666666666666,"epoch":11,"training_acc":0.12374074074074073,"_runtime":256.0803021,"_wandb":{"runtime":257},"training_loss":0.44999920222395157,"validation cost":0.4499997829396801,"_timestamp":1.7422241418971255e+09,"_step":9}