{"_wandb":{"runtime":550},"epoch":41,"validation cost":2.316535160305861,"training_acc":0.09985185185185186,"_timestamp":1.7422191444207659e+09,"_step":39,"_runtime":547.8250345,"validation_accuracy":0.10133333333333333,"training_loss":2.3141915799654025}