{"validation cost":0.4499997829396801,"_wandb":{"runtime":79},"_runtime":78.8362042,"epoch":11,"_timestamp":1.742223815005815e+09,"training_acc":0.12374074074074073,"training_loss":0.44999920222395157,"validation_accuracy":0.12266666666666666,"_step":9}