{"_wandb":{"runtime":64},"validation_accuracy":0.5221666666666667,"_timestamp":1.7422166687975638e+09,"training_acc":0.5257222222222222,"_step":4,"epoch":6,"training_loss":1.8587396848674858,"_runtime":64.2952837,"validation cost":1.864288661411717}