{"validation_accuracy":0.0995,"epoch":6,"_runtime":288.2142638,"training_acc":0.10005555555555555,"validation cost":2.3025118414929127,"_step":4,"_wandb":{"runtime":289},"_timestamp":1.742220158144763e+09,"training_loss":2.3025507718167604}