{"_step":19,"validation_accuracy":0.099,"_runtime":125.1911796,"_timestamp":1.742210475544217e+09,"_wandb":{"runtime":125},"training_loss":2.3017923755646996,"epoch":21,"training_acc":0.1002962962962963,"validation cost":2.302113143618627}