{"training_acc":0.10427777777777777,"training_loss":2.302662713963252,"validation cost":2.3032814278332014,"_wandb":{"runtime":159},"_step":9,"_runtime":158.8295324,"epoch":11,"_timestamp":1.7422223173137093e+09,"validation_accuracy":0.10716666666666666}