{"validation_accuracy":0.7321666666666666,"validation cost":NaN,"_runtime":224.2446276,"training_loss":NaN,"epoch":21,"training_acc":0.7433703703703703,"_step":19,"_timestamp":1.742211114610063e+09,"_wandb":{"runtime":224}}