{"_runtime":93.1145434,"_step":4,"epoch":6,"_wandb":{"runtime":93},"validation_accuracy":0.10133333333333333,"validation cost":2.309427177417984,"_timestamp":1.7422168514170654e+09,"training_loss":2.308534356698409,"training_acc":0.09985185185185186}