{"validation cost":0.7083031862399922,"validation_accuracy":0.739,"epoch":21,"_runtime":120.4508878,"_wandb":{"runtime":120},"_step":19,"training_acc":0.7520370370370371,"_timestamp":1.742216319278567e+09,"training_loss":0.6963006622625281}