{"validation cost":0.3373334065117715,"training_acc":0.366,"epoch":11,"_timestamp":1.742219892556428e+09,"_wandb":{"runtime":112},"validation_accuracy":0.36616666666666664,"_runtime":111.8508731,"_step":9,"training_loss":0.3360094105891251}