{"epoch":6,"_timestamp":1.7422185821868296e+09,"_wandb":{"runtime":59},"validation cost":2.311430014369434,"_runtime":58.875282,"_step":4,"validation_accuracy":0.10516666666666667,"training_loss":2.301949866364773,"training_acc":0.11688888888888889}