{"_timestamp":1.7422179109836311e+09,"training_acc":0.09961111111111111,"training_loss":2.300724275168655,"validation cost":2.30057853808384,"epoch":11,"_runtime":197.5788903,"validation_accuracy":0.1035,"_step":9,"_wandb":{"runtime":198}}