{"_wandb":{"runtime":92},"training_acc":0.10005555555555555,"validation cost":NaN,"epoch":11,"training_loss":NaN,"_timestamp":1.7422125694754417e+09,"_step":9,"_runtime":92.2692839,"validation_accuracy":0.0995}