{"validation cost":NaN,"_wandb":{"runtime":93},"training_loss":NaN,"_timestamp":1.7422215012689385e+09,"training_acc":0.10005555555555555,"validation_accuracy":0.0995,"_step":4,"_runtime":92.9934685,"epoch":6}