{"_runtime":158.9438749,"_wandb":{"runtime":159},"_timestamp":1.742214963687764e+09,"training_loss":2.256336146720815,"training_acc":0.12488888888888888,"_step":39,"epoch":41,"validation cost":2.258729900739444,"validation_accuracy":0.11916666666666667}