{"_timestamp":1.7422202977774746e+09,"validation_accuracy":0.10333333333333333,"validation cost":2.3151908627680817,"training_acc":0.09996296296296296,"_runtime":130.0340451,"epoch":6,"training_loss":2.303976099402708,"_wandb":{"runtime":131},"_step":4}